{"preds_ns5_ws3_st20.0_ea1.0_snks0_hopf_False_type_max_fused_lenNone_gblFalse": {"gen_time(s)": [1738216403.731, 381.3510000705719, 390.72499990463257, 392.58700013160706, 378.99899983406067, 162.82000017166138, 395.64599990844727, 390.585000038147, 387.635999917984, 389.24699997901917, 391.13100004196167, 366.15000009536743, 388.335000038147, 383.1870000362396, 358.31199979782104, 387.3289999961853, 387.30800008773804, 362.29699993133545, 386.0840001106262, 381.82800006866455], "inp_size": [626, 629, 628, 636, 632, 451, 449, 455, 450, 450, 776, 777, 784, 774, 779, 532, 533, 534, 534, 534], "out_size": [7999, 7999, 7999, 7999, 7999, 3326, 7999, 7999, 7999, 7999, 7999, 7999, 7999, 7999, 7999, 7999, 7999, 7999, 7999, 7999], "resp_len": [8625, 8628, 8627, 8635, 8631, 3777, 8448, 8454, 8449, 8449, 8775, 8776, 8783, 8773, 8778, 8531, 8532, 8533, 8533, 8533], "KV_size": [494.592, 494.764032, 494.706688, 495.16544, 494.936064, 216.588288, 484.442112, 484.786176, 484.499456, 484.499456, 503.1936, 503.250944, 503.652352, 503.078912, 503.365632, 489.201664, 489.259008, 489.316352, 489.316352, 489.316352], "attn_size": [0.0, 0.0, 0.0, 0.0, 0.0, 0.0, 0.0, 0.0, 0.0, 0.0, 0.0, 0.0, 0.0, 0.0, 0.0, 0.0, 0.0, 0.0, 0.0, 0.0], "total_cache": [494.592, 494.764032, 494.706688, 495.16544, 494.936064, 216.588288, 484.442112, 484.786176, 484.499456, 484.499456, 503.1936, 503.250944, 503.652352, 503.078912, 503.365632, 489.201664, 489.259008, 489.316352, 489.316352, 489.316352]}, "preds_ns5_ws200_st20.0_ea1.0_snks0_hopf_True_type_snapkv_lenNone_gblFalse": {"gen_time(s)": [], "inp_size": [], "out_size": [], "resp_len": [], "KV_size": [], "attn_size": [], "total_cache": []}, "preds_ns5_ws200_st20.0_ea1.0_snks0_hopf_True_type_sum_fused_lenNone_gblFalse": {"gen_time(s)": [1738213174.704, 495.73200011253357, 497.3769998550415, 498.41799998283386, 496.03200006484985, 141.81900000572205, 489.5199999809265, 837.7420001029968, 1120.423999786377, 1113.422000169754, 1169.4340000152588, 1188.582999944687, 1191.5969998836517, 1128.0090000629425, 737.143000125885, 719.1159999370575, 719.5529999732971, 725.4749999046326, 723.3220000267029, 714.545000076294], "inp_size": [626, 629, 628, 636, 632, 451, 449, 455, 450, 450, 776, 777, 784, 774, 779, 532, 533, 534, 534, 534], "out_size": [3575, 3572, 3573, 3565, 3569, 3326, 3752, 3746, 3751, 3751, 3425, 3424, 3417, 3427, 3422, 3669, 3668, 3667, 3667, 3667], "resp_len": [8625, 8628, 8627, 8635, 8631, 3777, 8448, 8454, 8449, 8449, 8775, 8776, 8783, 8773, 8778, 8531, 8532, 8533, 8533, 8533], "KV_size": [240.902144, 240.902144, 240.902144, 240.902144, 240.902144, 216.588288, 240.902144, 240.902144, 240.902144, 240.902144, 240.902144, 240.902144, 240.902144, 240.902144, 240.902144, 240.902144, 240.902144, 240.902144, 240.902144, 240.902144], "attn_size": [376.4096, 376.4096, 376.4096, 376.4096, 376.4096, 338.4192, 376.4096, 376.4096, 376.4096, 376.4096, 376.4096, 376.4096, 376.4096, 376.4096, 376.4096, 376.4096, 376.4096, 376.4096, 376.4096, 376.4096], "total_cache": [617.311744, 617.311744, 617.311744, 617.311744, 617.311744, 555.007488, 617.311744, 617.311744, 617.311744, 617.311744, 617.311744, 617.311744, 617.311744, 617.311744, 617.311744, 617.311744, 617.311744, 617.311744, 617.311744, 617.311744]}, "preds_ns5_ws200_st10.0_ea1.0_snks0_hopf_True_type_h2o_lenNone_gblFalse": {"gen_time(s)": [1738217143.421, 947.4140000343323, 945.6689999103546, 958.8580000400543, 957.8810000419617, 311.5829999446869, 950.1050000190735, 945.5510001182556, 820.9249999523163, 756.6510000228882, 776.8949999809265, 770.6549999713898, 774.805999994278, 779.4079999923706, 419.5590000152588, 407.39599990844727, 407.4430000782013, 407.40499997138977, 406.79500007629395, 406.7960000038147], "inp_size": [626, 629, 628, 636, 632, 451, 449, 455, 450, 450, 776, 777, 784, 774, 779, 532, 533, 534, 534, 534], "out_size": [1575, 1572, 1573, 1565, 1569, 1750, 1752, 1746, 1751, 1751, 1425, 1424, 1417, 1427, 1422, 1669, 1668, 1667, 1667, 1667], "resp_len": [8625, 8628, 8627, 8635, 8631, 3785, 8448, 8454, 8449, 8449, 8775, 8776, 8783, 8773, 8778, 8531, 8532, 8533, 8533, 8533], "KV_size": [883.499008, 883.499008, 883.499008, 883.499008, 883.499008, 883.499008, 883.499008, 883.499008, 883.499008, 883.499008, 883.499008, 883.499008, 883.499008, 883.499008, 883.499008, 883.499008, 883.499008, 883.499008, 883.499008, 883.499008], "attn_size": [6.902336, 6.902336, 6.902336, 6.902336, 6.902336, 6.902336, 6.902336, 6.902336, 6.902336, 6.902336, 6.902336, 6.902336, 6.902336, 6.902336, 6.902336, 6.902336, 6.902336, 6.902336, 6.902336, 6.902336], "total_cache": [890.401344, 890.401344, 890.401344, 890.401344, 890.401344, 890.401344, 890.401344, 890.401344, 890.401344, 890.401344, 890.401344, 890.401344, 890.401344, 890.401344, 890.401344, 890.401344, 890.401344, 890.401344, 890.401344, 890.401344]}, "preds_ns5_ws200_st20.0_ea1.0_snks0_hopf_True_type_max_fused_lenNone_gblFalse": {"gen_time(s)": [1738188348.936, 498.66699981689453, 394.8600001335144, 499.2409999370575, 499.0460000038147, 139.96799993515015, 492.8770000934601, 492.7000000476837, 494.5939998626709, 495.24900007247925, 503.5609998703003, 503.90700006484985, 504.4300000667572, 503.59299993515015, 504.1730000972748, 495.18099999427795, 496.9760000705719, 497.67199993133545, 689.1929998397827, 727.7030000686646], "inp_size": [626, 629, 628, 636, 632, 451, 449, 455, 450, 450, 776, 777, 784, 774, 779, 532, 533, 534, 534, 534], "out_size": [3575, 3572, 3573, 3565, 3569, 3326, 3752, 3746, 3751, 3751, 3425, 3424, 3417, 3427, 3422, 3669, 3668, 3667, 3667, 3667], "resp_len": [8625, 8628, 7298, 8635, 8631, 3777, 8448, 8454, 8449, 8449, 8775, 8776, 8783, 8773, 8778, 8531, 8532, 8533, 8533, 8533], "KV_size": [240.902144, 240.902144, 240.902144, 240.902144, 240.902144, 216.588288, 240.902144, 240.902144, 240.902144, 240.902144, 240.902144, 240.902144, 240.902144, 240.902144, 240.902144, 240.902144, 240.902144, 240.902144, 240.902144, 240.902144], "attn_size": [376.4096, 376.4096, 376.4096, 376.4096, 376.4096, 338.4192, 376.4096, 376.4096, 376.4096, 376.4096, 376.4096, 376.4096, 376.4096, 376.4096, 376.4096, 376.4096, 376.4096, 376.4096, 376.4096, 376.4096], "total_cache": [617.311744, 617.311744, 617.311744, 617.311744, 617.311744, 555.007488, 617.311744, 617.311744, 617.311744, 617.311744, 617.311744, 617.311744, 617.311744, 617.311744, 617.311744, 617.311744, 617.311744, 617.311744, 617.311744, 617.311744]}}