{"preds_ns5_ws200_st20.0_ea1.0_snks0_hopf_True_type_snapkv_lenNone_gblFalse": {"gen_time(s)": [], "inp_size": [], "out_size": [], "resp_len": [], "KV_size": [], "attn_size": [], "total_cache": []}, "preds_ns5_ws200_st20.0_ea1.0_snks0_hopf_True_type_sum_fused_lenNone_gblFalse": {"gen_time(s)": [1738213174.704, 495.73200011253357, 497.3769998550415, 498.41799998283386], "inp_size": [626, 629, 628, 636], "out_size": [3575, 3572, 3573, 3565], "resp_len": [8625, 8628, 8627, 8635], "KV_size": [240.902144, 240.902144, 240.902144, 240.902144], "attn_size": [376.4096, 376.4096, 376.4096, 376.4096], "total_cache": [617.311744, 617.311744, 617.311744, 617.311744]}, "preds_ns5_ws200_st20.0_ea1.0_snks0_hopf_True_type_max_fused_lenNone_gblFalse": {"gen_time(s)": [1738188348.936, 498.66699981689453, 394.8600001335144, 499.2409999370575, 499.0460000038147, 139.96799993515015, 492.8770000934601, 492.7000000476837, 494.5939998626709, 495.24900007247925, 503.5609998703003, 503.90700006484985, 504.4300000667572, 503.59299993515015, 504.1730000972748, 495.18099999427795, 496.9760000705719, 497.67199993133545, 689.1929998397827, 727.7030000686646], "inp_size": [626, 629, 628, 636, 632, 451, 449, 455, 450, 450, 776, 777, 784, 774, 779, 532, 533, 534, 534, 534], "out_size": [3575, 3572, 3573, 3565, 3569, 3326, 3752, 3746, 3751, 3751, 3425, 3424, 3417, 3427, 3422, 3669, 3668, 3667, 3667, 3667], "resp_len": [8625, 8628, 7298, 8635, 8631, 3777, 8448, 8454, 8449, 8449, 8775, 8776, 8783, 8773, 8778, 8531, 8532, 8533, 8533, 8533], "KV_size": [240.902144, 240.902144, 240.902144, 240.902144, 240.902144, 216.588288, 240.902144, 240.902144, 240.902144, 240.902144, 240.902144, 240.902144, 240.902144, 240.902144, 240.902144, 240.902144, 240.902144, 240.902144, 240.902144, 240.902144], "attn_size": [376.4096, 376.4096, 376.4096, 376.4096, 376.4096, 338.4192, 376.4096, 376.4096, 376.4096, 376.4096, 376.4096, 376.4096, 376.4096, 376.4096, 376.4096, 376.4096, 376.4096, 376.4096, 376.4096, 376.4096], "total_cache": [617.311744, 617.311744, 617.311744, 617.311744, 617.311744, 555.007488, 617.311744, 617.311744, 617.311744, 617.311744, 617.311744, 617.311744, 617.311744, 617.311744, 617.311744, 617.311744, 617.311744, 617.311744, 617.311744, 617.311744]}}