{"preds_ns5_ws32_st63.0_ea1.0_snks0_hopf_True_type_max_fused_lenNone_gblFalse": {"gen_time(s)": [1738083890.729, 1371.7279999256134, 1380.1889998912811, 1360.0150001049042, 1384.569000005722, 1345.835000038147, 1351.8639998435974, 1337.6040000915527, 1348.643000125885, 1356.6449999809265, 1392.1409997940063, 1391.949000120163, 1383.8029999732971, 1327.420000076294, 1003.4210000038147, 969.1439998149872, 851.7820000648499, 494.7409999370575, 493.0930001735687, 492.94400000572205], "inp_size": [609, 612, 611, 621, 615, 436, 433, 440, 436, 434, 752, 754, 762, 754, 758, 523, 524, 525, 525, 525], "out_size": [1440, 1437, 1438, 1428, 1434, 1613, 1616, 1609, 1613, 1615, 1297, 1295, 1287, 1295, 1291, 1526, 1525, 1524, 1524, 1524], "resp_len": [8608, 8611, 8610, 8620, 8614, 8435, 8432, 8439, 8435, 8433, 8751, 8753, 8761, 8753, 8757, 8522, 8523, 8524, 8524, 8524], "KV_size": [268.566528, 268.566528, 268.566528, 268.566528, 268.566528, 268.566528, 268.566528, 268.566528, 268.566528, 268.566528, 268.566528, 268.566528, 268.566528, 268.566528, 268.566528, 268.566528, 268.566528, 268.566528, 268.566528, 268.566528], "attn_size": [67.141632, 67.141632, 67.141632, 67.141632, 67.141632, 67.141632, 67.141632, 67.141632, 67.141632, 67.141632, 67.141632, 67.141632, 67.141632, 67.141632, 67.141632, 67.141632, 67.141632, 67.141632, 67.141632, 67.141632], "total_cache": [335.70816, 335.70816, 335.70816, 335.70816, 335.70816, 335.70816, 335.70816, 335.70816, 335.70816, 335.70816, 335.70816, 335.70816, 335.70816, 335.70816, 335.70816, 335.70816, 335.70816, 335.70816, 335.70816, 335.70816]}, "preds_ns5_ws200_st20.0_ea1.0_snks0_hopf_True_type_sum_fused_lenNone_gblFalse": {"gen_time(s)": [1738084807.493, 1369.5479998588562, 1403.0329999923706, 1360.5720000267029, 1397.2030000686646, 910.4739999771118, 814.9049999713898, 815.0659999847412, 807.0260000228882, 798.3120000362396, 830.8329999446869, 840.6909999847412, 840.8170001506805, 837.800999879837, 838.5060000419617, 916.8870000839233, 808.6499998569489, 813.7630000114441, 822.1180000305176, 822.5670001506805], "inp_size": [609, 612, 611, 621, 615, 436, 433, 440, 436, 434, 752, 754, 762, 754, 758, 523, 524, 525, 525, 525], "out_size": [3592, 3589, 3590, 3580, 3586, 3765, 3768, 3761, 3765, 3767, 3449, 3447, 3439, 3447, 3443, 3678, 3677, 3676, 3676, 3676], "resp_len": [8608, 8611, 8610, 8620, 8614, 8435, 8432, 8439, 8435, 8433, 8751, 8753, 8761, 8753, 8757, 8522, 8523, 8524, 8524, 8524], "KV_size": [550.633472, 550.633472, 550.633472, 550.633472, 550.633472, 550.633472, 550.633472, 550.633472, 550.633472, 550.633472, 550.633472, 550.633472, 550.633472, 550.633472, 550.633472, 550.633472, 550.633472, 550.633472, 550.633472, 550.633472], "attn_size": [860.3648, 860.3648, 860.3648, 860.3648, 860.3648, 860.3648, 860.3648, 860.3648, 860.3648, 860.3648, 860.3648, 860.3648, 860.3648, 860.3648, 860.3648, 860.3648, 860.3648, 860.3648, 860.3648, 860.3648], "total_cache": [1410.9982719999998, 1410.9982719999998, 1410.9982719999998, 1410.9982719999998, 1410.9982719999998, 1410.9982719999998, 1410.9982719999998, 1410.9982719999998, 1410.9982719999998, 1410.9982719999998, 1410.9982719999998, 1410.9982719999998, 1410.9982719999998, 1410.9982719999998, 1410.9982719999998, 1410.9982719999998, 1410.9982719999998, 1410.9982719999998, 1410.9982719999998, 1410.9982719999998]}, "preds_ns5_ws200_st10.0_ea1.0_snks0_hopf_True_type_max_fused_lenNone_gblFalse": {"gen_time(s)": [1738114296.409, 1877.680999994278, 1877.6779999732971, 1879.5720000267029, 1878.7560000419617, 1847.226000070572, 1848.7249999046326, 1848.4420001506805, 1850.5529999732971, 1847.9079999923706, 1906.4409999847412, 1906.2439999580383, 1907.8110001087189, 1906.2379999160767, 1905.6930000782013, 1863.050999879837, 1863.9219999313354, 1863.8330001831055, 1774.7699999809265, 972.7200000286102], "inp_size": [609, 612, 611, 621, 615, 436, 433, 440, 436, 434, 752, 754, 762, 754, 758, 523, 524, 525, 525, 525], "out_size": [1592, 1589, 1590, 1580, 1586, 1765, 1768, 1761, 1765, 1767, 1449, 1447, 1439, 1447, 1443, 1678, 1677, 1676, 1676, 1676], "resp_len": [8608, 8611, 8610, 8620, 8614, 8435, 8432, 8439, 8435, 8433, 8751, 8753, 8761, 8753, 8757, 8522, 8523, 8524, 8524, 8524], "KV_size": [288.489472, 288.489472, 288.489472, 288.489472, 288.489472, 288.489472, 288.489472, 288.489472, 288.489472, 288.489472, 288.489472, 288.489472, 288.489472, 288.489472, 288.489472, 288.489472, 288.489472, 288.489472, 288.489472, 288.489472], "attn_size": [450.7648, 450.7648, 450.7648, 450.7648, 450.7648, 450.7648, 450.7648, 450.7648, 450.7648, 450.7648, 450.7648, 450.7648, 450.7648, 450.7648, 450.7648, 450.7648, 450.7648, 450.7648, 450.7648, 450.7648], "total_cache": [739.2542719999999, 739.2542719999999, 739.2542719999999, 739.2542719999999, 739.2542719999999, 739.2542719999999, 739.2542719999999, 739.2542719999999, 739.2542719999999, 739.2542719999999, 739.2542719999999, 739.2542719999999, 739.2542719999999, 739.2542719999999, 739.2542719999999, 739.2542719999999, 739.2542719999999, 739.2542719999999, 739.2542719999999, 739.2542719999999]}, "preds_ns5_ws200_st20.0_ea1.0_snks0_hopf_True_type_max_fused_lenNone_gblFalse": {"gen_time(s)": [1738084565.297, 1097.5250000953674, 1096.8159999847412, 1089.1110000610352, 1100.5439999103546, 1075.6559998989105, 1076.2860000133514, 1068.351000070572, 1069.239000082016, 1068.4509999752045, 1114.7239999771118, 1116.8150000572205, 1117.694000005722, 1119.917000055313, 1108.164999961853, 1084.566999912262, 914.1570000648499, 818.0789999961853, 809.7799999713898, 813.3510000705719], "inp_size": [609, 612, 611, 621, 615, 436, 433, 440, 436, 434, 752, 754, 762, 754, 758, 523, 524, 525, 525, 525], "out_size": [3592, 3589, 3590, 3580, 3586, 3765, 3768, 3761, 3765, 3767, 3449, 3447, 3439, 3447, 3443, 3678, 3677, 3676, 3676, 3676], "resp_len": [8608, 8611, 8610, 8620, 8614, 8435, 8432, 8439, 8435, 8433, 8751, 8753, 8761, 8753, 8757, 8522, 8523, 8524, 8524, 8524], "KV_size": [550.633472, 550.633472, 550.633472, 550.633472, 550.633472, 550.633472, 550.633472, 550.633472, 550.633472, 550.633472, 550.633472, 550.633472, 550.633472, 550.633472, 550.633472, 550.633472, 550.633472, 550.633472, 550.633472, 550.633472], "attn_size": [860.3648, 860.3648, 860.3648, 860.3648, 860.3648, 860.3648, 860.3648, 860.3648, 860.3648, 860.3648, 860.3648, 860.3648, 860.3648, 860.3648, 860.3648, 860.3648, 860.3648, 860.3648, 860.3648, 860.3648], "total_cache": [1410.9982719999998, 1410.9982719999998, 1410.9982719999998, 1410.9982719999998, 1410.9982719999998, 1410.9982719999998, 1410.9982719999998, 1410.9982719999998, 1410.9982719999998, 1410.9982719999998, 1410.9982719999998, 1410.9982719999998, 1410.9982719999998, 1410.9982719999998, 1410.9982719999998, 1410.9982719999998, 1410.9982719999998, 1410.9982719999998, 1410.9982719999998, 1410.9982719999998]}, "preds_ns5_ws200_st20.0_ea1.0_snks0_hopf_True_type_h2o_lenNone_gblFalse": {"gen_time(s)": [1738208647.421, 623.4530000686646, 622.845999956131, 614.9059998989105, 609.7520000934601, 600.4739999771118, 595.4130001068115], "inp_size": [609, 612, 611, 621, 615, 436, 433], "out_size": [3592, 3589, 3590, 3580, 3586, 3765, 3768], "resp_len": [8608, 8611, 8610, 8620, 8614, 8435, 8432], "KV_size": [2202.533888, 2202.533888, 2202.533888, 2202.533888, 2202.533888, 2202.533888, 2202.533888], "attn_size": [17.207296, 17.207296, 17.207296, 17.207296, 17.207296, 17.207296, 17.207296], "total_cache": [2219.741184, 2219.741184, 2219.741184, 2219.741184, 2219.741184, 2219.741184, 2219.741184]}, "preds_ns5_ws32_st1025.0_ea1.0_snks0_hopf_True_type_snapkv_lenNone_gblFalse": {"gen_time(s)": [1738083331.481, 345.86100006103516, 383.7039999961853, 393.5079998970032, 396.585000038147, 367.81900000572205, 400.978000164032, 391.7519998550415, 381.3989999294281, 373.8400001525879, 395.89299988746643, 411.2369999885559, 369.25100016593933, 395.72000002861023, 403.72899985313416, 387.9260001182556, 371.2889997959137, 395.51200008392334, 406.8819999694824, 370.1089999675751],