Model,Completion Rate,Accuracy Once,Accuracy Range,Accuracy Periodic,Average Accuracy
Mistral_2000_PyraKV,72.5596153846154,0.4589041095890411,0.625,0.2690355329949238,0.4509798808613217
Mistral_4000_PyraKV,68.93269230769232,0.5652173913043478,0.6263736263736264,0.2604166666666667,0.4840025614482136
