{"preds_ns10_ws200_mc4000_ea1.0_snks0_hopf_True_type_h2o_rerun_lenNone_gblFalse": {"gen_time(s)": [1740339392.749, 550.2469999790192, 550.9289999008179, 552.2170000076294, 551.5750000476837, 45.89800000190735, 553.9909999370575, 610.9880001544952, 713.7799999713898, 715.7409999370575, 181.33500003814697, 686.4679999351501, 480.4630000591278, 697.2219998836517, 710.2469999790192, 695.8760001659393, 686.1059999465942, 710.5769999027252, 688.7160000801086, 692.4119999408722, 719.779000043869, 724.6040000915527, 727.289999961853, 715.6749999523163, 696.1029999256134, 691.563000202179, 709.8509998321533, 722.9739999771118, 726.3800001144409, 722.5139999389648, 706.3580000400543, 704.7799999713898, 710.7190001010895, 709.9949998855591, 702.9430000782013, 684.3799998760223, 684.5950000286102, 671.0970001220703, 690.3579998016357, 702.9350001811981], "inp_size": [626, 629, 628, 636, 632, 632, 631, 630, 630, 630, 451, 449, 455, 450, 450, 452, 449, 450, 453, 452, 776, 777, 784, 774, 779, 783, 780, 789, 780, 781, 532, 533, 534, 534, 534, 535, 533, 533, 534, 533], "out_size": [3375, 3372, 3373, 3365, 3369, 969, 3370, 3371, 3371, 3371, 3326, 3552, 3546, 3551, 3551, 3549, 3552, 3551, 3548, 3549, 3225, 3224, 3217, 3227, 3222, 3218, 3221, 3212, 3221, 3220, 3469, 3468, 3467, 3467, 3467, 3466, 3468, 3468, 3467, 3468], "resp_len": [8625, 8628, 8627, 8635, 8631, 1601, 8630, 8629, 8629, 8629, 3777, 8448, 6635, 8449, 8449, 8451, 8448, 8449, 8452, 8451, 8775, 8776, 8783, 8773, 8778, 8782, 8779, 8788, 8779, 8780, 8531, 8532, 8533, 8533, 8533, 8534, 8532, 8532, 8533, 8532], "KV_size": [1606.033408, 1606.033408, 1606.033408, 1606.033408, 1606.033408, 642.654208, 1606.033408, 1606.033408, 1606.033408, 1606.033408, 1516.118016, 1606.033408, 1606.033408, 1606.033408, 1606.033408, 1606.033408, 1606.033408, 1606.033408, 1606.033408, 1606.033408, 1606.033408, 1606.033408, 1606.033408, 1606.033408, 1606.033408, 1606.033408, 1606.033408, 1606.033408, 1606.033408, 1606.033408, 1606.033408, 1606.033408, 1606.033408, 1606.033408, 1606.033408, 1606.033408, 1606.033408, 1606.033408, 1606.033408, 1606.033408], "attn_size": [12.547136, 12.547136, 12.547136, 12.547136, 12.547136, 5.020736, 12.547136, 12.547136, 12.547136, 12.547136, 11.844672, 12.547136, 12.547136, 12.547136, 12.547136, 12.547136, 12.547136, 12.547136, 12.547136, 12.547136, 12.547136, 12.547136, 12.547136, 12.547136, 12.547136, 12.547136, 12.547136, 12.547136, 12.547136, 12.547136, 12.547136, 12.547136, 12.547136, 12.547136, 12.547136, 12.547136, 12.547136, 12.547136, 12.547136, 12.547136], "total_cache": [1618.580544, 1618.580544, 1618.580544, 1618.580544, 1618.580544, 647.6749440000001, 1618.580544, 1618.580544, 1618.580544, 1618.580544, 1527.9626879999998, 1618.580544, 1618.580544, 1618.580544, 1618.580544, 1618.580544, 1618.580544, 1618.580544, 1618.580544, 1618.580544, 1618.580544, 1618.580544, 1618.580544, 1618.580544, 1618.580544, 1618.580544, 1618.580544, 1618.580544, 1618.580544, 1618.580544, 1618.580544, 1618.580544, 1618.580544, 1618.580544, 1618.580544, 1618.580544, 1618.580544, 1618.580544, 1618.580544, 1618.580544]}, "preds_ns10_ws200_mc4000_ea1.0_snks0_hopf_True_type_max_fused_rerun_lenNone_gblFalse": {"gen_time(s)": [1740199129.464, 1072.0610001087189, 757.7799999713898, 1039.5189998149872, 1051.2040002346039, 58.6949999332428, 1039.7890000343323, 1042.664999961853, 1038.6789999008179, 1041.8849999904633, 205.05299997329712, 1013.3010001182556, 698.5520000457764, 1016.5620000362396, 1020.3329999446869, 1016.7389998435974, 1016.170000076294, 1021.1119999885559, 1018.4969999790192, 961.0930001735687, 888.8319997787476, 877.3740000724792, 877.8450000286102, 876.2850000858307, 879.7239999771118, 880.289999961853, 881.0069999694824, 880.0550000667572, 889.9229998588562, 881.7530000209808, 859.6730000972748, 856.9409999847412, 843.3159999847412, 855.0090000629425, 855.7560000419617, 855.305999994278, 855.7539999485016, 860.316999912262, 855.1819999217987, 837.7420001029968], "inp_size": [626, 629, 628, 636, 632, 632, 631, 630, 630, 630, 451, 449, 455, 450, 450, 452, 449, 450, 453, 452, 776, 777, 784, 774, 779, 783, 780, 789, 780, 781, 532, 533, 534, 534, 534, 535, 533, 533, 534, 533], "out_size": [3375, 3372, 3373, 3365, 3369, 969, 3370, 3371, 3371, 3371, 3326, 3552, 3546, 3551, 3551, 3549, 3552, 3551, 3548, 3549, 3225, 3224, 3217, 3227, 3222, 3218, 3221, 3212, 3221, 3220, 3469, 3468, 3467, 3467, 3467, 3466, 3468, 3468, 3467, 3468], "resp_len": [8625, 8628, 6915, 8635, 8631, 1601, 8630, 8629, 8629, 8629, 3777, 8448, 6692, 8449, 8449, 8451, 8448, 8449, 8452, 8451, 8775, 8776, 8783, 8773, 8778, 8782, 8779, 8788, 8779, 8780, 8531, 8532, 8533, 8533, 8533, 8534, 8532, 8532, 8533, 8532], "KV_size": [229.433344, 229.433344, 229.433344, 229.433344, 229.433344, 91.807744, 229.433344, 229.433344, 229.433344, 229.433344, 216.588288, 229.433344, 229.433344, 229.433344, 229.433344, 229.433344, 229.433344, 229.433344, 229.433344, 229.433344, 229.433344, 229.433344, 229.433344, 229.433344, 229.433344, 229.433344, 229.433344, 229.433344, 229.433344, 229.433344, 229.433344, 229.433344, 229.433344, 229.433344, 229.433344, 229.433344, 229.433344, 229.433344, 229.433344, 229.433344], "attn_size": [358.4896, 358.4896, 358.4896, 358.4896, 358.4896, 143.4496, 358.4896, 358.4896, 358.4896, 358.4896, 338.4192, 358.4896, 358.4896, 358.4896, 358.4896, 358.4896, 358.4896, 358.4896, 358.4896, 358.4896, 358.4896, 358.4896, 358.4896, 358.4896, 358.4896, 358.4896, 358.4896, 358.4896, 358.4896, 358.4896, 358.4896, 358.4896, 358.4896, 358.4896, 358.4896, 358.4896, 358.4896, 358.4896, 358.4896, 358.4896], "total_cache": [587.922944, 587.922944, 587.922944, 587.922944, 587.922944, 235.257344, 587.922944, 587.922944, 587.922944, 587.922944, 555.007488, 587.922944, 587.922944, 587.922944, 587.922944, 587.922944, 587.922944, 587.922944, 587.922944, 587.922944, 587.922944, 587.922944, 587.922944, 587.922944, 587.922944, 587.922944, 587.922944, 587.922944, 587.922944, 587.922944, 587.922944, 587.922944, 587.922944, 587.922944, 587.922944, 587.922944, 587.922944, 587.922944, 587.922944, 587.922944]}, "preds_ns10_ws200_mc1000_ea1.0_snks0_hopf_True_type_h2o_rerun_lenNone_gblFalse": {"gen_time(s)": [1740291220.45, 837.3220000267029, 835.6529998779297, 834.1470000743866, 844.25, 297.5620000362396, 834.7909998893738, 99.1710000038147, 838.5280001163483, 834.0749998092651, 824.6150000095367, 823.5840001106262, 829.8440001010895, 828.6859998703003, 828.5050001144409, 819.8229999542236, 827.4689998626709, 826.5880000591278, 824.5950000286102, 822.8099999427795, 838.3200001716614, 845.9479999542236, 840.7009999752045, 840.2439999580383, 840.0729999542236, 841.0030000209808, 847.2400000095367, 842.5199999809265, 842.8470001220703, 692.7699999809265, 613.1039998531342, 611.5989999771118, 611.3400001525879, 609.6959998607635, 610.8460001945496, 611.8259999752045, 612.010999917984, 612.0629999637604, 611.5340001583099, 611.1319999694824], "inp_size": [626, 629, 628, 636, 632, 632, 631, 630, 630, 630, 451, 449, 455, 450, 450, 452, 449, 450, 453, 452, 776, 777, 784, 774, 779, 783, 780, 789, 780, 781, 532, 533, 534, 534, 534, 535, 533, 533, 534, 533], "out_size": [375, 372, 373, 365, 369, 369, 370, 371, 371, 371, 550, 552, 546, 551, 551, 549, 552, 551, 548, 549, 225, 224, 217, 227, 222, 218, 221, 212, 221, 220, 469, 468, 467, 467, 467, 466, 468, 468, 467, 468], "resp_len": [8625, 8628, 8627, 8635, 8631, 3624, 8630, 1750, 8629, 8629, 8450, 8448, 8454, 8449, 8449, 8451, 8448, 8449, 8452, 8451, 8775, 8776, 8783, 8773, 8778, 8782, 8779, 8788, 8779, 8780, 8531, 8532, 8533, 8533, 8533, 8534, 8532, 8532, 8533, 8532],