Model,Completion Rate,Accuracy Once,Accuracy Range,Accuracy Periodic,Average Accuracy
Mistral_200_1000_mkv_opt_qcache,62.28846153846153,0.4117647058823529,0.2553191489361702,0.2533333333333333,0.3068057293839522
Mistral_200_2000_mkv_opt_qcache,67.36538461538461,0.4166666666666667,0.3571428571428571,0.1927710843373494,0.3221935360489578
Mistral_200_4000_mkv_opt_qcache,72.20000000000002,0.5128205128205128,0.6744186046511628,0.3118279569892473,0.4996890248203076
