Model,Completion Rate,Accuracy Once,Accuracy Range,Accuracy Periodic,Average Accuracy
Mistral_200_1000_mkv_opt_qcache_new,61.14230769230769,0.3846153846153846,0.5,0.3055555555555556,0.3967236467236467
Mistral_200_2000_mkv_opt_qcache_new,70.51153846153848,0.4933333333333333,0.6341463414634146,0.2934782608695652,0.4736526452221044
Mistral_200_4000_mkv_opt_qcache_new,72.10384615384616,0.5128205128205128,0.6976744186046512,0.3010752688172043,0.5038567334141227
Mistral_200_4000_h2o_opt_qcache_new,71.86153846153847,0.4871794871794871,0.7380952380952381,0.2717391304347826,0.499004618569836
Mistral_200_4000_mkv_opt_qcache_new_burst,71.86153846153847,0.5,0.6744186046511628,0.2903225806451613,0.4882470617654413
Mistral_200_2000_mkv_opt_qcache_new_sl3,71.95769230769233,0.4102564102564102,0.6976744186046512,0.3478260869565217,0.4852523052725277
Mistral_snapkv_opt_qcache_new,72.44230769230771,0.5466666666666666,0.7857142857142857,0.3222222222222222,0.5515343915343915
Qwen30B_MKV_32_4000_max,73.24615384615385,0.5570469798657718,0.6388888888888888,0.3392070484581498,0.5117143057376035
Mistral_2000_PyraKV,,,,,
