{"preds_ns5_ws200_st20.0_ea1.0_snks0_hopf_True_type_sum_fused_lenNone_gblFalse": {"gen_time(s)": [1738254902.243, 799.1879999637604, 801.6909999847412, 802.3069999217987, 797.9690001010895, 787.0199999809265, 1283.3959999084473, 1442.3890001773834, 1443.9169998168945, 1445.0860002040863, 1489.194000005722, 1480.0769999027252, 1482.5339999198914, 1466.4360001087189, 1458.3499999046326, 1404.6319999694824, 1408.0670001506805, 1411.3739998340607, 1423.3940000534058, 1442.8289999961853], "inp_size": [608, 611, 610, 620, 614, 435, 432, 439, 435, 433, 751, 753, 761, 753, 757, 522, 523, 524, 524, 524], "out_size": [3593, 3590, 3591, 3581, 3587, 3766, 3769, 3762, 3766, 3768, 3450, 3448, 3440, 3448, 3444, 3679, 3678, 3677, 3677, 3677], "resp_len": [8607, 8610, 8609, 8619, 8613, 8434, 8431, 8438, 8434, 8432, 8750, 8752, 8760, 8752, 8756, 8521, 8522, 8523, 8523, 8523], "KV_size": [860.3648, 860.3648, 860.3648, 860.3648, 860.3648, 860.3648, 860.3648, 860.3648, 860.3648, 860.3648, 860.3648, 860.3648, 860.3648, 860.3648, 860.3648, 860.3648, 860.3648, 860.3648, 860.3648, 860.3648], "attn_size": [1344.32, 1344.32, 1344.32, 1344.32, 1344.32, 1344.32, 1344.32, 1344.32, 1344.32, 1344.32, 1344.32, 1344.32, 1344.32, 1344.32, 1344.32, 1344.32, 1344.32, 1344.32, 1344.32, 1344.32], "total_cache": [2204.6848, 2204.6848, 2204.6848, 2204.6848, 2204.6848, 2204.6848, 2204.6848, 2204.6848, 2204.6848, 2204.6848, 2204.6848, 2204.6848, 2204.6848, 2204.6848, 2204.6848, 2204.6848, 2204.6848, 2204.6848, 2204.6848, 2204.6848]}, "preds_ns5_ws200_st10.0_ea1.0_snks0_hopf_True_type_h2o_lenNone_gblFalse": {"gen_time(s)": [1738298970.768, 1176.3610000610352, 1159.4939999580383, 1191.1330001354218, 1140.6819999217987, 1185.8050000667572, 1180.2109999656677, 1106.023999929428, 971.9340000152588, 557.7020001411438, 569.4859998226166, 569.680999994278, 567.0950000286102, 568.0260000228882, 571.7480001449585, 563.4679999351501, 565.0090000629425, 567.2779998779297, 562.8129999637604, 563.0800001621246], "inp_size": [608, 611, 610, 620, 614, 435, 432, 439, 435, 433, 751, 753, 761, 753, 757, 522, 523, 524, 524, 524], "out_size": [1593, 1590, 1591, 1581, 1587, 1766, 1769, 1762, 1766, 1768, 1450, 1448, 1440, 1448, 1444, 1679, 1678, 1677, 1677, 1677], "resp_len": [8607, 8610, 8609, 8619, 8613, 8434, 8431, 8438, 8434, 8432, 8750, 8752, 8760, 8752, 8756, 8521, 8522, 8523, 8523, 8523], "KV_size": [1803.0592, 1803.0592, 1803.0592, 1803.0592, 1803.0592, 1803.0592, 1803.0592, 1803.0592, 1803.0592, 1803.0592, 1803.0592, 1803.0592, 1803.0592, 1803.0592, 1803.0592, 1803.0592, 1803.0592, 1803.0592, 1803.0592, 1803.0592], "attn_size": [14.0864, 14.0864, 14.0864, 14.0864, 14.0864, 14.0864, 14.0864, 14.0864, 14.0864, 14.0864, 14.0864, 14.0864, 14.0864, 14.0864, 14.0864, 14.0864, 14.0864, 14.0864, 14.0864, 14.0864], "total_cache": [1817.1455999999998, 1817.1455999999998, 1817.1455999999998, 1817.1455999999998, 1817.1455999999998, 1817.1455999999998, 1817.1455999999998, 1817.1455999999998, 1817.1455999999998, 1817.1455999999998, 1817.1455999999998, 1817.1455999999998, 1817.1455999999998, 1817.1455999999998, 1817.1455999999998, 1817.1455999999998, 1817.1455999999998, 1817.1455999999998, 1817.1455999999998, 1817.1455999999998]}, "preds_ns5_ws200_st20.0_ea1.0_snks0_hopf_True_type_max_fused_lenNone_gblFalse": {"gen_time(s)": [1738260523.303, 1443.345999956131, 1442.8050000667572, 1451.039999961853, 1462.5620000362396, 1424.095999956131, 1414.444000005722, 1410.4379999637604, 1418.289999961853, 1393.4030001163483, 1432.9849998950958, 1435.1850001811981, 1445.1529998779297, 1389.6909999847412, 837.449000120163, 821.8889999389648, 820.8800001144409, 820.3919999599457, 820.4659998416901, 815.2829999923706], "inp_size": [608, 611, 610, 620, 614, 435, 432, 439, 435, 433, 751, 753, 761, 753, 757, 522, 523, 524, 524, 524], "out_size": [3593, 3590, 3591, 3581, 3587, 3766, 3769, 3762, 3766, 3768, 3450, 3448, 3440, 3448, 3444, 3679, 3678, 3677, 3677, 3677], "resp_len": [8607, 8610, 8609, 8619, 8613, 8434, 8431, 8438, 8434, 8432, 8750, 8752, 8760, 8752, 8756, 8521, 8522, 8523, 8523, 8523], "KV_size": [860.3648, 860.3648, 860.3648, 860.3648, 860.3648, 860.3648, 860.3648, 860.3648, 860.3648, 860.3648, 860.3648, 860.3648, 860.3648, 860.3648, 860.3648, 860.3648, 860.3648, 860.3648, 860.3648, 860.3648], "attn_size": [1344.32, 1344.32, 1344.32, 1344.32, 1344.32, 1344.32, 1344.32, 1344.32, 1344.32, 1344.32, 1344.32, 1344.32, 1344.32, 1344.32, 1344.32, 1344.32, 1344.32, 1344.32, 1344.32, 1344.32], "total_cache": [2204.6848, 2204.6848, 2204.6848, 2204.6848, 2204.6848, 2204.6848, 2204.6848, 2204.6848, 2204.6848, 2204.6848, 2204.6848, 2204.6848, 2204.6848, 2204.6848, 2204.6848, 2204.6848, 2204.6848, 2204.6848, 2204.6848, 2204.6848]}, "preds_ns5_ws32_st1025.0_ea1.0_snks0_hopf_True_type_snapkv_lenNone_gblFalse": {"gen_time(s)": [1738299403.945, 442.88700008392334, 450.0350000858307, 441.5989999771118, 443.13899993896484, 450.6870000362396, 442.1659998893738, 446.66799998283386, 445.35000014305115, 444.0039999485016, 459.1749999523163, 445.7669999599457, 443.3600001335144, 457.5079998970032, 446.0590000152588, 447.7569999694824, 445.94799995422363, 442.98600006103516, 453.17900013923645, 439.77099990844727], "inp_size": [608, 611, 610, 620, 614, 435, 432, 439, 435, 433, 751, 753, 761, 753, 757, 522, 523, 524, 524, 524], "out_size": [7999, 7999, 7999, 7999, 7999, 7999, 7999, 7999, 7999, 7999, 7999, 7999, 7999, 7999, 7999, 7999, 7999, 7999, 7999, 7999], "resp_len": [8607, 8610, 8609, 8619, 8613, 8434, 8431, 8438, 8434, 8432, 8750, 8752, 8760, 8752, 8756, 8521, 8522, 8523, 8523, 8523], "KV_size": [7050.8544, 7053.312, 7052.4928, 7060.6848, 7055.7696, 6909.1328, 6906.6752, 6912.4096, 6909.1328, 6907.4944, 7168.0, 7169.6384, 7176.192, 7169.6384, 7172.9152, 6980.4032, 6981.2224, 6982.0416, 6982.0416, 6982.0416], "attn_size": [0.0, 0.0, 0.0, 0.0, 0.0, 0.0, 0.0, 0.0, 0.0, 0.0, 0.0, 0.0, 0.0, 0.0, 0.0, 0.0, 0.0, 0.0, 0.0, 0.0], "total_cache": [7050.8544, 7053.312, 7052.4928, 7060.6848, 7055.7696, 6909.1328, 6906.6752, 6912.4096, 6909.1328, 6907.4944, 7168.0, 7169.6384, 7176.192, 7169.6384, 7172.9152, 6980.4032, 6981.2224, 6982.0416, 6982.0416, 6982.0416]}}