{"preds_ns5_ws32_st63.0_ea1.0_snks0_hopf_True_type_max_fused_lenNone_gblFalse": {"gen_time(s)": [1738112847.835, 1400.5499999523163, 1402.6280000209808, 1295.481999874115, 1396.6000001430511, 1099.1959998607635, 1277.9180002212524, 699.944000005722, 810.8389999866486, 985.9349999427795, 1426.292000055313, 1426.7279999256134, 1417.231999874115, 1431.9630000591278, 1216.1330001354218, 942.6599998474121, 524.5970001220703, 512.2769999504089, 518.7300000190735, 496.32800006866455], "inp_size": [683, 685, 686, 690, 685, 505, 502, 510, 502, 502, 906, 903, 912, 905, 904, 576, 577, 582, 582, 578], "out_size": [1366, 1364, 1363, 1359, 1364, 1544, 1547, 1539, 1547, 1547, 1143, 1146, 1137, 1144, 1145, 1473, 1472, 1467, 1467, 1471], "resp_len": [8578, 8684, 8685, 8254, 8684, 7171, 8060, 5010, 5632, 6526, 8905, 8902, 8911, 8904, 8903, 8575, 8576, 8581, 8581, 8355], "KV_size": [268.566528, 268.566528, 268.566528, 268.566528, 268.566528, 268.566528, 268.566528, 268.566528, 268.566528, 268.566528, 268.566528, 268.566528, 268.566528, 268.566528, 268.566528, 268.566528, 268.566528, 268.566528, 268.566528, 268.566528], "attn_size": [67.141632, 67.141632, 67.141632, 67.141632, 67.141632, 67.141632, 67.141632, 67.141632, 67.141632, 67.141632, 67.141632, 67.141632, 67.141632, 67.141632, 67.141632, 67.141632, 67.141632, 67.141632, 67.141632, 67.141632], "total_cache": [335.70816, 335.70816, 335.70816, 335.70816, 335.70816, 335.70816, 335.70816, 335.70816, 335.70816, 335.70816, 335.70816, 335.70816, 335.70816, 335.70816, 335.70816, 335.70816, 335.70816, 335.70816, 335.70816, 335.70816]}, "preds_ns5_ws200_st20.0_ea1.0_snks0_hopf_True_type_sum_fused_lenNone_gblFalse": {"gen_time(s)": [1738112707.574, 1289.130000114441, 1061.805999994278, 1178.1170001029968, 1273.2909998893738, 940.7669999599457, 1165.5390000343323, 382.59299993515015, 418.9370000362396, 549.7480001449585, 846.5, 845.2760000228882, 849.0499999523163, 846.5089998245239, 846.5329999923706, 819.3390002250671, 815.367999792099, 820.9610002040863, 823.7129998207092, 797.8200001716614], "inp_size": [683, 685, 686, 690, 685, 505, 502, 510, 502, 502, 906, 903, 912, 905, 904, 576, 577, 582, 582, 578], "out_size": [3518, 3516, 3515, 3511, 3516, 3696, 3699, 3691, 3699, 3699, 3295, 3298, 3289, 3296, 3297, 3625, 3624, 3619, 3619, 3623], "resp_len": [8682, 8684, 7788, 8093, 8530, 7035, 8047, 4846, 5662, 6612, 8905, 8902, 8911, 8904, 8903, 8575, 8576, 8581, 8581, 8381], "KV_size": [550.633472, 550.633472, 550.633472, 550.633472, 550.633472, 550.633472, 550.633472, 550.633472, 550.633472, 550.633472, 550.633472, 550.633472, 550.633472, 550.633472, 550.633472, 550.633472, 550.633472, 550.633472, 550.633472, 550.633472], "attn_size": [860.3648, 860.3648, 860.3648, 860.3648, 860.3648, 860.3648, 860.3648, 860.3648, 860.3648, 860.3648, 860.3648, 860.3648, 860.3648, 860.3648, 860.3648, 860.3648, 860.3648, 860.3648, 860.3648, 860.3648], "total_cache": [1410.9982719999998, 1410.9982719999998, 1410.9982719999998, 1410.9982719999998, 1410.9982719999998, 1410.9982719999998, 1410.9982719999998, 1410.9982719999998, 1410.9982719999998, 1410.9982719999998, 1410.9982719999998, 1410.9982719999998, 1410.9982719999998, 1410.9982719999998, 1410.9982719999998, 1410.9982719999998, 1410.9982719999998, 1410.9982719999998, 1410.9982719999998, 1410.9982719999998]}, "preds_ns5_ws200_st10.0_ea1.0_snks0_hopf_True_type_h2o_lenNone_gblFalse": {"gen_time(s)": [1738197421.605, 619.981999874115, 385.97699999809265, 416.41600012779236, 431.9100000858307, 351.33399987220764, 414.39599990844727, 239.89800000190735, 211.38900017738342, 330.61699986457825, 447.49399995803833, 449.69000005722046, 449.0529999732971, 448.55200004577637, 448.5880000591278, 442.8069999217987, 442.8789999485016, 440.7520000934601, 445.9010000228882, 443.20300006866455], "inp_size": [683, 685, 686, 690, 685, 505, 502, 510, 502, 502, 906, 903, 912, 905, 904, 576, 577, 582, 582, 578], "out_size": [1518, 1516, 1515, 1511, 1516, 1696, 1699, 1691, 1699, 1699, 1295, 1298, 1289, 1296, 1297, 1625, 1624, 1619, 1619, 1623], "resp_len": [8682, 8684, 7734, 8233, 8506, 7004, 8061, 5107, 4606, 6632, 8905, 8902, 8911, 8904, 8903, 8575, 8576, 8581, 8581, 8577], "KV_size": [1153.957888, 1153.957888, 1153.957888, 1153.957888, 1153.957888, 1153.957888, 1153.957888, 1153.957888, 1153.957888, 1153.957888, 1153.957888, 1153.957888, 1153.957888, 1153.957888, 1153.957888, 1153.957888, 1153.957888, 1153.957888, 1153.957888, 1153.957888], "attn_size": [9.015296, 9.015296, 9.015296, 9.015296, 9.015296, 9.015296, 9.015296, 9.015296, 9.015296, 9.015296, 9.015296, 9.015296, 9.015296, 9.015296, 9.015296, 9.015296, 9.015296, 9.015296, 9.015296, 9.015296], "total_cache": [1162.973184, 1162.973184, 1162.973184, 1162.973184, 1162.973184, 1162.973184, 1162.973184, 1162.973184, 1162.973184, 1162.973184, 1162.973184, 1162.973184, 1162.973184, 1162.973184, 1162.973184, 1162.973184, 1162.973184, 1162.973184, 1162.973184, 1162.973184]}, "preds_ns5_ws200_st10.0_ea1.0_snks0_hopf_True_type_max_fused_lenNone_gblFalse": {"gen_time(s)": [1738115543.452, 1902.0480000972748, 1640.2780001163483, 1719.1259999275208, 1902.1979999542236, 1426.7509999275208, 1738.111999988556, 917.9820001125336, 1137.0650000572205, 1299.3499999046326, 1944.3559999465942, 1945.1460001468658, 1945.375, 1944.5049998760223, 1944.7530000209808, 1883.1570000648499, 1884.2030000686646, 1885.8199999332428, 1885.638000011444, 1616.6210000514984], "inp_size": [683, 685, 686, 690, 685, 505, 502, 510, 502, 502, 906, 903, 912, 905, 904, 576, 577, 582, 582, 578], "out_size": [1518, 1516, 1515, 1511, 1516, 1696, 1699, 1691, 1699, 1699, 1295, 1298, 1289, 1296, 1297, 1625, 1624, 1619, 1619, 1623], "resp_len": [8682, 8684, 7715, 8010, 8684, 6864, 8013, 4998, 5795, 6400, 8905, 8902, 8911, 8904, 8903, 8575, 8576, 8581, 8581, 8116], "KV_size": [288.489472, 288.489472, 288.489472, 288.489472, 288.489472, 288.489472, 288.489472, 288.489472, 288.489472, 288.489472, 288.489472, 288.489472, 288.489472, 288.489472, 288.489472, 288.489472, 288.489472, 288.489472, 288.489472, 288.489472], "attn_size": [450.7648, 450.7648, 450.7648, 450.7648, 450.7648, 450.7648, 450.7648, 450.7648, 450.7648, 450.7648, 450.7648, 450.7648, 450.7648, 450.7648, 450.7648, 450.7648, 450.7648, 450.7648, 450.7648, 450.7648], "total_cache": [739.2542719999999, 739.2542719999999, 739.2542719999999, 739.2542719999999, 739.2542719999999, 739.2542719999999, 739.2542719999999, 739.2542719999999, 739.2542719999999, 739.2542719999999, 739.2542719999999, 739.2542719999999, 739.2542719999999, 739.2542719999999, 739.2542719999999, 739.2542719999999, 739.2542719999999, 739.2542719999999, 739.2542719999999, 739.2542719999999]}, "preds_ns5_ws200_st20.0_ea1.0_snks0_hopf_True_type_max_fused_lenNone_gblFalse": {"gen_time(s)": [1738112649.375, 1120.8359999656677, 926.0920000076294, 1008.9670000076294, 1114.0469999313354, 811.603000164032, 1012.8789999485016, 371.3619999885559, 535.3250000476837, 718.3250000476837, 1154.1769998073578, 1156.1650002002716, 1152.579999923706, 1150.4679999351501, 1148.5339999198914, 1109.5940001010895, 1105.5699999332428, 1108.2130000591278, 861.324000120163, 801.9599997997284], "inp_size": [683, 685, 686, 690, 685, 505, 502, 510, 502, 502, 906, 903, 912, 905, 904, 576, 577, 582, 582, 578], "out_size": [3518, 3516, 3515, 3511, 3516, 3696, 3699, 3691, 3699, 3699, 3295, 3298, 3289, 3296, 3297, 3625, 3624, 3619, 3619, 3623], "resp_len": [8682, 8684, 7701, 8135, 8667, 7030, 8052, 4846, 5662, 6611, 8905, 8902, 8911, 8904, 8903, 8575, 8576, 8581, 8581, 8382], "KV_size": [550.633472, 550.633472, 550.633472, 550.633472, 550.633472, 550.633472, 550.633472, 550.633472, 550.633472, 550.633472, 550.633472, 550.633472, 550.633472, 550.633472, 550.633472, 550.633472, 550.633472, 550.633472, 550.633472, 550.633472],