{"preds_ns10_ws200_mc4000_ea1.0_snks0_hopf_True_type_h2o_rerun_lenNone_gblFalse": {"gen_time(s)": [1740287853.334, 375.39299988746643, 376.00999999046326, 375.07400012016296, 375.30999994277954, 375.55999994277954, 465.4140000343323, 669.5339999198914, 710.8170001506805, 709.0209999084473, 699.425999879837, 699.5340001583099, 698.0099999904633, 704.4079999923706, 702.7960000038147, 699.2360000610352, 701.6079998016357, 698.9030001163483, 705.5150001049042, 703.1319999694824, 729.0289998054504, 725.8860001564026, 726.1879999637604, 725.1900000572205, 728.694000005722, 722.7919998168945, 722.1270000934601, 720.3680000305176, 723.3629999160767, 718.795000076294, 702.9140000343323, 707.8639998435974, 705.4160001277924, 705.0529999732971, 703.6029999256134, 704.7560000419617, 706.0570001602173, 702.9099998474121, 704.6070001125336, 706.1669998168945], "inp_size": [609, 612, 611, 621, 615, 615, 614, 613, 613, 613, 436, 433, 440, 436, 434, 436, 433, 436, 437, 436, 752, 754, 762, 754, 758, 762, 757, 769, 759, 759, 523, 524, 525, 525, 525, 526, 524, 524, 525, 524], "out_size": [3392, 3389, 3390, 3380, 3386, 3386, 3387, 3388, 3388, 3388, 3565, 3568, 3561, 3565, 3567, 3565, 3568, 3565, 3564, 3565, 3249, 3247, 3239, 3247, 3243, 3239, 3244, 3232, 3242, 3242, 3478, 3477, 3476, 3476, 3476, 3475, 3477, 3477, 3476, 3477], "resp_len": [8608, 8611, 8610, 8620, 8614, 8614, 8613, 8612, 8612, 8612, 8435, 8432, 8439, 8435, 8433, 8435, 8432, 8435, 8436, 8435, 8751, 8753, 8761, 8753, 8757, 8761, 8756, 8768, 8758, 8758, 8522, 8523, 8524, 8524, 8524, 8525, 8523, 8523, 8524, 8523], "KV_size": [2097.676288, 2097.676288, 2097.676288, 2097.676288, 2097.676288, 2097.676288, 2097.676288, 2097.676288, 2097.676288, 2097.676288, 2097.676288, 2097.676288, 2097.676288, 2097.676288, 2097.676288, 2097.676288, 2097.676288, 2097.676288, 2097.676288, 2097.676288, 2097.676288, 2097.676288, 2097.676288, 2097.676288, 2097.676288, 2097.676288, 2097.676288, 2097.676288, 2097.676288, 2097.676288, 2097.676288, 2097.676288, 2097.676288, 2097.676288, 2097.676288, 2097.676288, 2097.676288, 2097.676288, 2097.676288, 2097.676288], "attn_size": [16.388096, 16.388096, 16.388096, 16.388096, 16.388096, 16.388096, 16.388096, 16.388096, 16.388096, 16.388096, 16.388096, 16.388096, 16.388096, 16.388096, 16.388096, 16.388096, 16.388096, 16.388096, 16.388096, 16.388096, 16.388096, 16.388096, 16.388096, 16.388096, 16.388096, 16.388096, 16.388096, 16.388096, 16.388096, 16.388096, 16.388096, 16.388096, 16.388096, 16.388096, 16.388096, 16.388096, 16.388096, 16.388096, 16.388096, 16.388096], "total_cache": [2114.0643840000002, 2114.0643840000002, 2114.0643840000002, 2114.0643840000002, 2114.0643840000002, 2114.0643840000002, 2114.0643840000002, 2114.0643840000002, 2114.0643840000002, 2114.0643840000002, 2114.0643840000002, 2114.0643840000002, 2114.0643840000002, 2114.0643840000002, 2114.0643840000002, 2114.0643840000002, 2114.0643840000002, 2114.0643840000002, 2114.0643840000002, 2114.0643840000002, 2114.0643840000002, 2114.0643840000002, 2114.0643840000002, 2114.0643840000002, 2114.0643840000002, 2114.0643840000002, 2114.0643840000002, 2114.0643840000002, 2114.0643840000002, 2114.0643840000002, 2114.0643840000002, 2114.0643840000002, 2114.0643840000002, 2114.0643840000002, 2114.0643840000002, 2114.0643840000002, 2114.0643840000002, 2114.0643840000002, 2114.0643840000002, 2114.0643840000002]}, "preds_ns10_ws200_mc4000_ea1.0_snks0_hopf_True_type_max_fused_rerun_lenNone_gblFalse": {"gen_time(s)": [1740197969.526, 1880.2279999256134, 1875.603000164032, 1880.0449998378754, 1880.5590000152588, 1879.4950001239777, 1883.8529999256134, 1879.8129999637604, 1867.5540001392365, 1874.2099997997284, 1828.2000000476837, 1830.1710000038147, 1831.345999956131, 1811.5030000209808, 1839.0369999408722, 1838.6820001602173, 1842.1319999694824, 1842.5230000019073, 1841.901999950409, 1844.3580000400543, 1912.5859999656677, 1918.0209999084473, 1918.2380001544952, 1914.8799998760223, 1912.4160001277924, 1912.1029999256134, 1909.7650001049042, 1915.24799990654, 1913.2569999694824, 1910.9240000247955, 1857.683000087738, 1856.7869999408722, 1857.1659998893738, 1859.1610000133514, 1857.7430000305176, 1647.7130000591278, 1024.4140000343323, 1021.9289999008179, 1016.4920001029968, 977.6150000095367], "inp_size": [609, 612, 611, 621, 615, 615, 614, 613, 613, 613, 436, 433, 440, 436, 434, 436, 433, 436, 437, 436, 752, 754, 762, 754, 758, 762, 757, 769, 759, 759, 523, 524, 525, 525, 525, 526, 524, 524, 525, 524], "out_size": [3392, 3389, 3390, 3380, 3386, 3386, 3387, 3388, 3388, 3388, 3565, 3568, 3561, 3565, 3567, 3565, 3568, 3565, 3564, 3565, 3249, 3247, 3239, 3247, 3243, 3239, 3244, 3232, 3242, 3242, 3478, 3477, 3476, 3476, 3476, 3475, 3477, 3477, 3476, 3477], "resp_len": [8608, 8611, 8610, 8620, 8614, 8614, 8613, 8612, 8612, 8612, 8435, 8432, 8439, 8435, 8433, 8435, 8432, 8435, 8436, 8435, 8751, 8753, 8761, 8753, 8757, 8761, 8756, 8768, 8758, 8758, 8522, 8523, 8524, 8524, 8524, 8525, 8523, 8523, 8524, 8523], "KV_size": [524.419072, 524.419072, 524.419072, 524.419072, 524.419072, 524.419072, 524.419072, 524.419072, 524.419072, 524.419072, 524.419072, 524.419072, 524.419072, 524.419072, 524.419072, 524.419072, 524.419072, 524.419072, 524.419072, 524.419072, 524.419072, 524.419072, 524.419072, 524.419072, 524.419072, 524.419072, 524.419072, 524.419072, 524.419072, 524.419072, 524.419072, 524.419072, 524.419072, 524.419072, 524.419072, 524.419072, 524.419072, 524.419072, 524.419072, 524.419072], "attn_size": [819.4048, 819.4048, 819.4048, 819.4048, 819.4048, 819.4048, 819.4048, 819.4048, 819.4048, 819.4048, 819.4048, 819.4048, 819.4048, 819.4048, 819.4048, 819.4048, 819.4048, 819.4048, 819.4048, 819.4048, 819.4048, 819.4048, 819.4048, 819.4048, 819.4048, 819.4048, 819.4048, 819.4048, 819.4048, 819.4048, 819.4048, 819.4048, 819.4048, 819.4048, 819.4048, 819.4048, 819.4048, 819.4048, 819.4048, 819.4048], "total_cache": [1343.823872, 1343.823872, 1343.823872, 1343.823872, 1343.823872, 1343.823872, 1343.823872, 1343.823872, 1343.823872, 1343.823872, 1343.823872, 1343.823872, 1343.823872, 1343.823872, 1343.823872, 1343.823872, 1343.823872, 1343.823872, 1343.823872, 1343.823872, 1343.823872, 1343.823872, 1343.823872, 1343.823872, 1343.823872, 1343.823872, 1343.823872, 1343.823872, 1343.823872, 1343.823872, 1343.823872, 1343.823872, 1343.823872, 1343.823872, 1343.823872, 1343.823872, 1343.823872, 1343.823872, 1343.823872, 1343.823872]}, "preds_ns10_ws200_mc1000_ea1.0_snks0_hopf_True_type_h2o_rerun_lenNone_gblFalse": {"gen_time(s)": [1740343553.242, 982.9039998054504, 1005.1630001068115, 993.9900000095367, 1003.0350000858307, 1001.8949999809265, 995.8359999656677, 998.800999879837, 984.074000120163, 979.4059998989105, 985.0260000228882, 978.2190001010895, 971.8819999694824, 972.1679999828339, 977.0199999809265, 964.4930000305176, 972.7760000228882, 965.5499999523163, 981.1370000839233, 978.789999961853, 1001.912999868393, 1018.7520000934601, 800.175999879837, 505.35000014305115, 408.0279998779297, 403.47000002861023, 399.0380001068115, 398.72699999809265, 409.7330000400543, 402.02699995040894, 397.16299986839294, 578.5920000076294, 1161.9660000801086, 1156.141000032425, 1165.7869999408722, 1167.141000032425, 1169.5659999847412, 1167.5339999198914, 1168.3730001449585, 1167.1789999008179], "inp_size": [609, 612, 611, 621, 615, 615, 614, 613, 613, 613, 436, 433, 440, 436, 434, 436, 433, 436, 437, 436, 752, 754, 762, 754, 758, 762, 757, 769, 759, 759, 523, 524, 525, 525, 525, 526, 524, 524, 525, 524], "out_size": [392, 389, 390, 380, 386, 386, 387, 388, 388, 388, 565, 568, 561, 565, 567, 565, 568, 565, 564, 565, 249, 247, 239, 247, 243, 239, 244, 232, 242, 242, 478, 477, 476, 476, 476, 475, 477, 477, 476, 477], "resp_len": [8608, 8611, 8610, 8620, 8614, 8614, 8613, 8612, 8612, 8612, 8435, 8432, 8439, 8435, 8433, 8435, 8432, 8435, 8436, 8435, 8751, 8753, 8761, 8753, 8757, 8761, 8756, 8768, 8758, 8758, 8522, 8523, 8524, 8524, 8524, 8525, 8523, 8523, 8524, 8523],