{"preds_ns10_ws200_mc4000_ea1.0_snks0_hopf_True_type_h2o_rerun_lenNone_gblFalse": {"gen_time(s)": [1740339309.639, 621.0620000362396, 525.6050000190735, 571.680999994278, 607.7920000553131, 627.8729999065399, 714.4820001125336, 768.6239998340607, 761.4670000076294, 640.8830001354218, 571.4739999771118, 694.5569999217987, 303.114000082016, 387.78200006484985, 505.8989999294281, 600.5480000972748, 537.4519999027252, 195.55099987983704, 757.1550002098083, 428.4269998073578, 787.8840000629425, 784.8120000362396, 781.7620000839233, 778.5439999103546, 786.3480000495911, 790.2679998874664, 783.3870000839233, 784.4749999046326, 785.7520000934601, 790.614000082016, 763.7889997959137, 760.9790000915527, 756.0179998874664, 753.4560000896454, 745.6849999427795, 757.9070000648499, 759.2939999103546, 755.3110001087189, 698.5150001049042, 564.3939998149872], "inp_size": [683, 685, 686, 690, 685, 689, 687, 683, 686, 686, 505, 502, 510, 502, 502, 503, 503, 503, 506, 505, 906, 903, 912, 905, 904, 914, 903, 924, 911, 913, 576, 577, 582, 582, 578, 580, 577, 578, 579, 577], "out_size": [3318, 3316, 3315, 3311, 3316, 3312, 3314, 3318, 3315, 3315, 3496, 3499, 3491, 3499, 3499, 3498, 3498, 3498, 3495, 3496, 3095, 3098, 3089, 3096, 3097, 3087, 3098, 3077, 3090, 3088, 3425, 3424, 3419, 3419, 3423, 3421, 3424, 3423, 3422, 3424], "resp_len": [8682, 8684, 7659, 8114, 8489, 8688, 8686, 8682, 8651, 7691, 7031, 8044, 4982, 5662, 6570, 7302, 6760, 4147, 8505, 5926, 8905, 8902, 8911, 8904, 8903, 8913, 8902, 8923, 8910, 8912, 8575, 8576, 8581, 8581, 8453, 8579, 8576, 8577, 8578, 8576], "KV_size": [2097.676288, 2097.676288, 2097.676288, 2097.676288, 2097.676288, 2097.676288, 2097.676288, 2097.676288, 2097.676288, 2097.676288, 2097.676288, 2097.676288, 2097.676288, 2097.676288, 2097.676288, 2097.676288, 2097.676288, 2097.676288, 2097.676288, 2097.676288, 2097.676288, 2097.676288, 2097.676288, 2097.676288, 2097.676288, 2097.676288, 2097.676288, 2097.676288, 2097.676288, 2097.676288, 2097.676288, 2097.676288, 2097.676288, 2097.676288, 2097.676288, 2097.676288, 2097.676288, 2097.676288, 2097.676288, 2097.676288], "attn_size": [16.388096, 16.388096, 16.388096, 16.388096, 16.388096, 16.388096, 16.388096, 16.388096, 16.388096, 16.388096, 16.388096, 16.388096, 16.388096, 16.388096, 16.388096, 16.388096, 16.388096, 16.388096, 16.388096, 16.388096, 16.388096, 16.388096, 16.388096, 16.388096, 16.388096, 16.388096, 16.388096, 16.388096, 16.388096, 16.388096, 16.388096, 16.388096, 16.388096, 16.388096, 16.388096, 16.388096, 16.388096, 16.388096, 16.388096, 16.388096], "total_cache": [2114.0643840000002, 2114.0643840000002, 2114.0643840000002, 2114.0643840000002, 2114.0643840000002, 2114.0643840000002, 2114.0643840000002, 2114.0643840000002, 2114.0643840000002, 2114.0643840000002, 2114.0643840000002, 2114.0643840000002, 2114.0643840000002, 2114.0643840000002, 2114.0643840000002, 2114.0643840000002, 2114.0643840000002, 2114.0643840000002, 2114.0643840000002, 2114.0643840000002, 2114.0643840000002, 2114.0643840000002, 2114.0643840000002, 2114.0643840000002, 2114.0643840000002, 2114.0643840000002, 2114.0643840000002, 2114.0643840000002, 2114.0643840000002, 2114.0643840000002, 2114.0643840000002, 2114.0643840000002, 2114.0643840000002, 2114.0643840000002, 2114.0643840000002, 2114.0643840000002, 2114.0643840000002, 2114.0643840000002, 2114.0643840000002, 2114.0643840000002]}, "preds_ns10_ws200_mc4000_ea1.0_snks0_hopf_True_type_max_fused_rerun_lenNone_gblFalse": {"gen_time(s)": [1740196663.382, 1908.0, 1577.1040000915527, 1732.2109999656677, 1840.8250000476837, 1908.816999912262, 1906.7309999465942, 1910.3519999980927, 1899.0030000209808, 1523.2070000171661, 1382.0260000228882, 1715.6080000400543, 700.1870000362396, 928.6280000209808, 1243.329999923706, 1451.486999988556, 1290.9479999542236, 428.29299998283386, 1865.7620000839233, 1013.579999923706, 1957.1570000648499, 1958.6080000400543, 1958.611999988556, 1958.284999847412, 1959.2360000610352, 1966.4570000171661, 1963.1449999809265, 1966.045000076294, 1961.287999868393, 1961.226000070572, 1885.3120000362396, 1887.6840000152588, 1485.6170001029968, 1886.7059998512268, 1823.1790001392365, 1882.968999862671, 1883.0199999809265, 1883.978000164032, 1883.5869998931885, 1882.2590000629425], "inp_size": [683, 685, 686, 690, 685, 689, 687, 683, 686, 686, 505, 502, 510, 502, 502, 503, 503, 503, 506, 505, 906, 903, 912, 905, 904, 914, 903, 924, 911, 913, 576, 577, 582, 582, 578, 580, 577, 578, 579, 577], "out_size": [3318, 3316, 3315, 3311, 3316, 3312, 3314, 3318, 3315, 3315, 3496, 3499, 3491, 3499, 3499, 3498, 3498, 3498, 3495, 3496, 3095, 3098, 3089, 3096, 3097, 3087, 3098, 3077, 3090, 3088, 3425, 3424, 3419, 3419, 3423, 3421, 3424, 3423, 3422, 3424], "resp_len": [8682, 8684, 7687, 8149, 8480, 8688, 8686, 8682, 8653, 7487, 7028, 8052, 4982, 5658, 6616, 7229, 6755, 4147, 8505, 5926, 8905, 8902, 8911, 8904, 8903, 8913, 8902, 8923, 8910, 8912, 8575, 8576, 7371, 8581, 8396, 8579, 8576, 8577, 8578, 8576], "KV_size": [524.419072, 524.419072, 524.419072, 524.419072, 524.419072, 524.419072, 524.419072, 524.419072, 524.419072, 524.419072, 524.419072, 524.419072, 524.419072, 524.419072, 524.419072, 524.419072, 524.419072, 524.419072, 524.419072, 524.419072, 524.419072, 524.419072, 524.419072, 524.419072, 524.419072, 524.419072, 524.419072, 524.419072, 524.419072, 524.419072, 524.419072, 524.419072, 524.419072, 524.419072, 524.419072, 524.419072, 524.419072, 524.419072, 524.419072, 524.419072], "attn_size": [819.4048, 819.4048, 819.4048, 819.4048, 819.4048, 819.4048, 819.4048, 819.4048, 819.4048, 819.4048, 819.4048, 819.4048, 819.4048, 819.4048, 819.4048, 819.4048, 819.4048, 819.4048, 819.4048, 819.4048, 819.4048, 819.4048, 819.4048, 819.4048, 819.4048, 819.4048, 819.4048, 819.4048, 819.4048, 819.4048, 819.4048, 819.4048, 819.4048, 819.4048, 819.4048, 819.4048, 819.4048, 819.4048, 819.4048, 819.4048], "total_cache": [1343.823872, 1343.823872, 1343.823872, 1343.823872, 1343.823872, 1343.823872, 1343.823872, 1343.823872, 1343.823872, 1343.823872, 1343.823872, 1343.823872, 1343.823872, 1343.823872, 1343.823872, 1343.823872, 1343.823872, 1343.823872, 1343.823872, 1343.823872, 1343.823872, 1343.823872, 1343.823872, 1343.823872, 1343.823872, 1343.823872, 1343.823872, 1343.823872, 1343.823872, 1343.823872, 1343.823872, 1343.823872, 1343.823872, 1343.823872, 1343.823872, 1343.823872, 1343.823872, 1343.823872, 1343.823872, 1343.823872]}, "preds_ns10_ws200_mc1000_ea1.0_snks0_hopf_True_type_h2o_rerun_lenNone_gblFalse": {"gen_time(s)": [1740290747.209, 957.2689998149872, 879.7150001525879, 949.1549999713898, 950.2590000629425, 959.2789998054504, 855.3910000324249, 950.4739999771118, 957.805999994278, 952.3489999771118, 725.4610002040863, 891.8579998016357, 605.2170000076294, 650.8320000171661, 767.8300001621246, 886.5349998474121, 945.2850000858307, 430.97699999809265, 948.0829999446869, 571.8340001106262, 675.9159998893738, 971.3960001468658, 965.1779999732971, 963.1689999103546, 145.7279999256134, 131.66499996185303, 539.7930002212524, 966.2509999275208, 966.2019999027252, 890.9279999732971, 693.8100001811981, 692.1909999847412, 693.3819999694824, 689.5339999198914, 677.5859999656677, 692.5210001468658, 691.5999999046326, 692.1089999675751, 692.574000120163, 465.39299988746643], "inp_size": [683, 685, 686, 690, 685, 689, 687, 683, 686, 686, 505, 502, 510, 502, 502, 503, 503, 503, 506, 505, 906, 903, 912, 905, 904, 914, 903, 924, 911, 913, 576, 577, 582, 582, 578, 580, 577, 578, 579, 577], "out_size": [318, 316, 315, 311, 316, 312, 314, 318, 315, 315, 496, 499, 491, 499, 499, 498, 498, 498, 495, 496, 95, 98, 89, 96, 97, 87, 98, 77, 90, 88, 425, 424, 419, 419, 423, 421, 424, 423, 422, 424], "resp_len": [8378, 8684, 8104, 8689, 8684, 8688, 7874, 8682, 8685, 8685, 6743, 8092, 5726, 6094, 7094, 8051, 8502, 4345, 8505, 5536, 6514, 8902, 8911, 8904, 2098, 2060, 5363, 8923, 8910, 8912, 8575, 8576, 8581, 8581, 8430, 8579, 8576, 8577, 8578, 8551],